source_row_number,source_tc_id,mapped_new_tc_ids,conversion_type,status,reason
6,CHAT_001,CHAT_NEW_0001,ONE_TO_ONE,mapped,
9,CHAT_002,CHAT_NEW_0002,ONE_TO_ONE,mapped,
10,CHAT_003,CHAT_NEW_0003,ONE_TO_ONE,mapped,
11,CHAT_004,CHAT_NEW_0004,ONE_TO_ONE,mapped,
12,CHAT_005,CHAT_NEW_0005,ONE_TO_ONE,mapped,
13,CHAT_006,CHAT_NEW_0006,ONE_TO_ONE,mapped,
15,CHAT_007,CHAT_NEW_0007,ONE_TO_ONE,mapped,
17,CHAT_008,CHAT_NEW_0008,ONE_TO_ONE,mapped,
19,CHAT_009,CHAT_NEW_0009,ONE_TO_ONE,mapped,
20,CHAT_010,CHAT_NEW_0010,SPLIT,mapped,
21,CHAT_011,CHAT_NEW_0011,SPLIT,mapped,
23,CHAT_012,CHAT_NEW_0012,ONE_TO_ONE,mapped,
24,CHAT_013,CHAT_NEW_0013,ONE_TO_ONE,mapped,
27,CHAT_014,CHAT_NEW_0014,ONE_TO_ONE,mapped,
28,CHAT_015,CHAT_NEW_0015,ONE_TO_ONE,mapped,
29,CHAT_016,CHAT_NEW_0016,ONE_TO_ONE,mapped,
30,CHAT_017,CHAT_NEW_0017,ONE_TO_ONE,mapped,
33,CHAT_018,CHAT_NEW_0018,SPLIT,mapped,
34,CHAT_019,CHAT_NEW_0019,ONE_TO_ONE,mapped,
35,CHAT_020,CHAT_NEW_0020,ONE_TO_ONE,mapped,
36,CHAT_021,CHAT_NEW_0021,ONE_TO_ONE,mapped,
37,CHAT_022,CHAT_NEW_0022,ONE_TO_ONE,mapped,
38,CHAT_023,CHAT_NEW_0023,SPLIT,mapped,
39,CHAT_024,CHAT_NEW_0024,SPLIT,mapped,
40,CHAT_025,CHAT_NEW_0025,ONE_TO_ONE,mapped,
41,CHAT_026,CHAT_NEW_0026,ONE_TO_ONE,mapped,
43,CHAT_027,CHAT_NEW_0027,ONE_TO_ONE,mapped,
46,CHAT_028,CHAT_NEW_0028,ONE_TO_ONE,mapped,
47,CHAT_029,CHAT_NEW_0029,ONE_TO_ONE,mapped,
48,CHAT_030,CHAT_NEW_0030,ONE_TO_ONE,mapped,
50,CHAT_031,CHAT_NEW_0031,ONE_TO_ONE,mapped,
51,CHAT_032,CHAT_NEW_0032,ONE_TO_ONE,mapped,
52,CHAT_033,CHAT_NEW_0033,ONE_TO_ONE,mapped,
53,CHAT_034,CHAT_NEW_0034,ONE_TO_ONE,mapped,
54,CHAT_035,CHAT_NEW_0035,SPLIT,mapped,
55,CHAT_036,CHAT_NEW_0036,ONE_TO_ONE,mapped,
56,CHAT_037,CHAT_NEW_0037,ONE_TO_ONE,mapped,
57,CHAT_038,CHAT_NEW_0038,ONE_TO_ONE,mapped,
60,CHAT_039,CHAT_NEW_0039,ONE_TO_ONE,mapped,
61,CHAT_040,CHAT_NEW_0040,SPLIT,mapped,
63,CHAT_041,CHAT_NEW_0041,ONE_TO_ONE,mapped,
64,CHAT_042,CHAT_NEW_0042,ONE_TO_ONE,mapped,
65,CHAT_043,CHAT_NEW_0043,SPLIT,mapped,
67,CHAT_044,CHAT_NEW_0044,ONE_TO_ONE,mapped,
68,CHAT_045,CHAT_NEW_0045,ONE_TO_ONE,mapped,
69,CHAT_046,CHAT_NEW_0046,ONE_TO_ONE,mapped,
70,CHAT_047,CHAT_NEW_0047,SPLIT,mapped,
72,CHAT_048,CHAT_NEW_0048,ONE_TO_ONE,mapped,
75,CHAT_049,CHAT_NEW_0049,ONE_TO_ONE,mapped,
76,CHAT_050,CHAT_NEW_0050,SPLIT,mapped,
77,CHAT_051,CHAT_NEW_0051,SPLIT,mapped,
79,CHAT_052,CHAT_NEW_0052,ONE_TO_ONE,mapped,
80,CHAT_053,CHAT_NEW_0053,ONE_TO_ONE,mapped,
81,CHAT_054,CHAT_NEW_0054,ONE_TO_ONE,mapped,
83,CHAT_055,CHAT_NEW_0055,SPLIT,mapped,
84,CHAT_056,CHAT_NEW_0056,ONE_TO_ONE,mapped,
85,CHAT_057,CHAT_NEW_0057,ONE_TO_ONE,mapped,
86,CHAT_058,CHAT_NEW_0058,ONE_TO_ONE,mapped,
87,CHAT_059,CHAT_NEW_0059,ONE_TO_ONE,mapped,
89,CHAT_060,CHAT_NEW_0060,ONE_TO_ONE,mapped,
90,CHAT_061,CHAT_NEW_0061,SPLIT,mapped,
91,CHAT_062,CHAT_NEW_0062,SPLIT,mapped,
92,CHAT_063,CHAT_NEW_0063,SPLIT,mapped,
93,CHAT_064,CHAT_NEW_0064,SPLIT,mapped,
96,CHAT_065,CHAT_NEW_0065,ONE_TO_ONE,mapped,
97,CHAT_066,CHAT_NEW_0066,ONE_TO_ONE,mapped,
99,CHAT_067,CHAT_NEW_0067,ONE_TO_ONE,mapped,
100,CHAT_068,CHAT_NEW_0068,SPLIT,mapped,
101,CHAT_069,CHAT_NEW_0069,SPLIT,mapped,
102,CHAT_070,CHAT_NEW_0070,ONE_TO_ONE,mapped,
103,CHAT_071,CHAT_NEW_0071,SPLIT,mapped,
104,CHAT_072,CHAT_NEW_0072,SPLIT,mapped,
106,CHAT_073,CHAT_NEW_0073,SPLIT,mapped,
107,CHAT_074,CHAT_NEW_0074,SPLIT,mapped,
108,CHAT_075,CHAT_NEW_0075,ONE_TO_ONE,mapped,
109,CHAT_076,CHAT_NEW_0076,SPLIT,mapped,
110,CHAT_077,CHAT_NEW_0077,SPLIT,mapped,
111,CHAT_078,CHAT_NEW_0078,SPLIT,mapped,
112,CHAT_079,CHAT_NEW_0079,SPLIT,mapped,
118,CHAT_080,CHAT_NEW_0080,SPLIT,mapped,
119,CHAT_081,CHAT_NEW_0081,SPLIT,mapped,
120,CHAT_082,CHAT_NEW_0082,SPLIT,mapped,
123,CHAT_083,CHAT_NEW_0083,SPLIT,mapped,
124,CHAT_084,CHAT_NEW_0084,SPLIT,mapped,
125,CHAT_085,CHAT_NEW_0085,SPLIT,mapped,
127,CHAT_086,CHAT_NEW_0086,SPLIT,mapped,
128,CHAT_087,CHAT_NEW_0087,SPLIT,mapped,
130,CHAT_088,CHAT_NEW_0088,ONE_TO_ONE,mapped,
131,CHAT_089,CHAT_NEW_0089,ONE_TO_ONE,mapped,
133,CHAT_090,CHAT_NEW_0090,SPLIT,mapped,
134,CHAT_091,CHAT_NEW_0091,ONE_TO_ONE,mapped,
135,CHAT_092,CHAT_NEW_0092,ONE_TO_ONE,mapped,
136,CHAT_093,CHAT_NEW_0093,ONE_TO_ONE,mapped,
138,CHAT_094,CHAT_NEW_0094,SPLIT,mapped,
139,CHAT_095,CHAT_NEW_0095,SPLIT,mapped,
140,CHAT_096,CHAT_NEW_0096,SPLIT,mapped,
141,CHAT_097,CHAT_NEW_0097,SPLIT,mapped,
143,CHAT_098,CHAT_NEW_0098,ONE_TO_ONE,mapped,
144,CHAT_099,CHAT_NEW_0099,ONE_TO_ONE,mapped,
145,CHAT_100,CHAT_NEW_0100,ONE_TO_ONE,mapped,
146,CHAT_101,CHAT_NEW_0101,SPLIT,mapped,
147,CHAT_102,CHAT_NEW_0102,SPLIT,mapped,
148,CHAT_103,CHAT_NEW_0103,ONE_TO_ONE,mapped,
151,CHAT_104,CHAT_NEW_0104,SPLIT,mapped,
152,CHAT_105,CHAT_NEW_0105,SPLIT,mapped,
153,CHAT_106,CHAT_NEW_0106,SPLIT,mapped,
156,CHAT_107,CHAT_NEW_0107,ONE_TO_ONE,mapped,
158,CHAT_108,CHAT_NEW_0108,ONE_TO_ONE,mapped,
161,CHAT_109,CHAT_NEW_0109,ONE_TO_ONE,mapped,
162,CHAT_110,CHAT_NEW_0110,SPLIT,mapped,
164,CHAT_111,CHAT_NEW_0111,SPLIT,mapped,
165,CHAT_112,CHAT_NEW_0112,SPLIT,mapped,
167,CHAT_113,CHAT_NEW_0113,SPLIT,mapped,
168,CHAT_114,CHAT_NEW_0114,SPLIT,mapped,
170,CHAT_115,CHAT_NEW_0115,SPLIT,mapped,
171,CHAT_116,CHAT_NEW_0116,SPLIT,mapped,
172,CHAT_117,CHAT_NEW_0117,SPLIT,mapped,
174,CHAT_118,CHAT_NEW_0118,ONE_TO_ONE,mapped,
175,CHAT_119,CHAT_NEW_0119,ONE_TO_ONE,mapped,
176,CHAT_120,CHAT_NEW_0120,SPLIT,mapped,
177,CHAT_121,CHAT_NEW_0121,SPLIT,mapped,
178,CHAT_122,CHAT_NEW_0122,ONE_TO_ONE,mapped,
180,CHAT_123,CHAT_NEW_0123,ONE_TO_ONE,mapped,
181,CHAT_124,CHAT_NEW_0124,SPLIT,mapped,
182,CHAT_125,CHAT_NEW_0125,SPLIT,mapped,
184,CHAT_126,CHAT_NEW_0126,ONE_TO_ONE,mapped,
185,CHAT_127,CHAT_NEW_0127,SPLIT,mapped,
186,CHAT_128,CHAT_NEW_0128,ONE_TO_ONE,mapped,
187,CHAT_129,CHAT_NEW_0129,ONE_TO_ONE,mapped,
189,CHAT_130,CHAT_NEW_0130,ONE_TO_ONE,mapped,
190,CHAT_131,CHAT_NEW_0131,SPLIT,mapped,
191,CHAT_132,CHAT_NEW_0132,SPLIT,mapped,
193,CHAT_133,CHAT_NEW_0133,ONE_TO_ONE,mapped,
194,CHAT_134,CHAT_NEW_0134,SPLIT,mapped,
195,CHAT_135,CHAT_NEW_0135,ONE_TO_ONE,mapped,
198,CHAT_136,CHAT_NEW_0136,SPLIT,mapped,
199,CHAT_137,CHAT_NEW_0137,SPLIT,mapped,
201,CHAT_138,CHAT_NEW_0138,ONE_TO_ONE,mapped,
202,CHAT_139,CHAT_NEW_0139,ONE_TO_ONE,mapped,
204,CHAT_140,CHAT_NEW_0140,ONE_TO_ONE,mapped,
205,CHAT_141,CHAT_NEW_0141,ONE_TO_ONE,mapped,
206,CHAT_142,CHAT_NEW_0142,ONE_TO_ONE,mapped,
208,CHAT_143,CHAT_NEW_0143,ONE_TO_ONE,mapped,
209,CHAT_144,CHAT_NEW_0144,ONE_TO_ONE,mapped,
210,CHAT_145,CHAT_NEW_0145,ONE_TO_ONE,mapped,
211,CHAT_146,CHAT_NEW_0146,ONE_TO_ONE,mapped,
212,CHAT_147,CHAT_NEW_0147,ONE_TO_ONE,mapped,
214,CHAT_148,CHAT_NEW_0148,ONE_TO_ONE,mapped,
215,CHAT_149,CHAT_NEW_0149,ONE_TO_ONE,mapped,
216,CHAT_150,CHAT_NEW_0150,ONE_TO_ONE,mapped,
217,CHAT_151,CHAT_NEW_0151,ONE_TO_ONE,mapped,
218,CHAT_152,CHAT_NEW_0152,ONE_TO_ONE,mapped,
222,CHAT_153,CHAT_NEW_0153,ONE_TO_ONE,mapped,
223,CHAT_154,CHAT_NEW_0154,ONE_TO_ONE,mapped,
224,CHAT_155,CHAT_NEW_0155,ONE_TO_ONE,mapped,
225,CHAT_156,CHAT_NEW_0156,ONE_TO_ONE,mapped,
226,CHAT_157,CHAT_NEW_0157,ONE_TO_ONE,mapped,
227,CHAT_158,CHAT_NEW_0158,ONE_TO_ONE,mapped,
229,CHAT_159,CHAT_NEW_0159,ONE_TO_ONE,mapped,
230,CHAT_160,CHAT_NEW_0160,ONE_TO_ONE,mapped,
231,CHAT_161,CHAT_NEW_0161,ONE_TO_ONE,mapped,
232,CHAT_162,CHAT_NEW_0162,ONE_TO_ONE,mapped,
233,CHAT_163,CHAT_NEW_0163,ONE_TO_ONE,mapped,
234,CHAT_164,CHAT_NEW_0164,ONE_TO_ONE,mapped,
236,CHAT_165,CHAT_NEW_0165,ONE_TO_ONE,mapped,
237,CHAT_166,CHAT_NEW_0166,ONE_TO_ONE,mapped,
238,CHAT_167,CHAT_NEW_0167,ONE_TO_ONE,mapped,
239,CHAT_168,CHAT_NEW_0168,ONE_TO_ONE,mapped,
240,CHAT_169,CHAT_NEW_0169,ONE_TO_ONE,mapped,
241,CHAT_170,CHAT_NEW_0170,ONE_TO_ONE,mapped,
242,CHAT_171,CHAT_NEW_0171,ONE_TO_ONE,mapped,
245,CHAT_172,CHAT_NEW_0172,ONE_TO_ONE,mapped,
246,CHAT_173,CHAT_NEW_0173,ONE_TO_ONE,mapped,
248,CHAT_174,CHAT_NEW_0174,ONE_TO_ONE,mapped,
249,CHAT_175,CHAT_NEW_0175,ONE_TO_ONE,mapped,
250,CHAT_176,CHAT_NEW_0176,ONE_TO_ONE,mapped,
252,CHAT_177,CHAT_NEW_0177,ONE_TO_ONE,mapped,
253,CHAT_178,CHAT_NEW_0178,ONE_TO_ONE,mapped,
258,CHAT_179,CHAT_NEW_0179,ONE_TO_ONE,mapped,
259,CHAT_180,CHAT_NEW_0180,ONE_TO_ONE,mapped,
260,CHAT_181,CHAT_NEW_0181,ONE_TO_ONE,mapped,
261,CHAT_182,CHAT_NEW_0182,ONE_TO_ONE,mapped,
262,CHAT_183,CHAT_NEW_0183,ONE_TO_ONE,mapped,
264,CHAT_184,CHAT_NEW_0184,ONE_TO_ONE,mapped,
265,CHAT_185,CHAT_NEW_0185,ONE_TO_ONE,mapped,
266,CHAT_186,CHAT_NEW_0186,ONE_TO_ONE,mapped,
267,CHAT_187,CHAT_NEW_0187,ONE_TO_ONE,mapped,
268,CHAT_188,CHAT_NEW_0188,ONE_TO_ONE,mapped,
269,CHAT_189,CHAT_NEW_0189,ONE_TO_ONE,mapped,
272,CHAT_190,CHAT_NEW_0190,ONE_TO_ONE,mapped,
273,CHAT_191,CHAT_NEW_0191,ONE_TO_ONE,mapped,
274,CHAT_192,CHAT_NEW_0192,ONE_TO_ONE,mapped,
276,CHAT_193,CHAT_NEW_0193,ONE_TO_ONE,mapped,
277,CHAT_194,CHAT_NEW_0194,ONE_TO_ONE,mapped,
281,CHAT_195,CHAT_NEW_0195,SPLIT,mapped,
282,CHAT_196,CHAT_NEW_0196,SPLIT,mapped,
283,CHAT_197,CHAT_NEW_0197,SPLIT,mapped,
284,CHAT_198,CHAT_NEW_0198,SPLIT,mapped,
285,CHAT_199,CHAT_NEW_0199,SPLIT,mapped,
288,CHAT_200,CHAT_NEW_0200,SPLIT,mapped,
289,CHAT_201,CHAT_NEW_0201,SPLIT,mapped,
290,CHAT_202,CHAT_NEW_0202,SPLIT,mapped,
291,CHAT_203,CHAT_NEW_0203,SPLIT,mapped,
292,CHAT_204,CHAT_NEW_0204,SPLIT,mapped,
294,CHAT_205,CHAT_NEW_0205,SPLIT,mapped,
295,CHAT_206,CHAT_NEW_0206,SPLIT,mapped,
296,CHAT_207,CHAT_NEW_0207,SPLIT,mapped,
297,CHAT_208,CHAT_NEW_0208,SPLIT,mapped,
298,CHAT_209,CHAT_NEW_0209,SPLIT,mapped,
300,CHAT_210,CHAT_NEW_0210,SPLIT,mapped,
301,CHAT_211,CHAT_NEW_0211,SPLIT,mapped,
302,CHAT_212,CHAT_NEW_0212,SPLIT,mapped,
303,CHAT_213,CHAT_NEW_0213,SPLIT,mapped,
304,CHAT_214,CHAT_NEW_0214,SPLIT,mapped,
305,CHAT_215,CHAT_NEW_0215,SPLIT,mapped,
306,CHAT_216,CHAT_NEW_0216,SPLIT,mapped,
309,CHAT_217,CHAT_NEW_0217,SPLIT,mapped,
310,CHAT_218,CHAT_NEW_0218,ONE_TO_ONE,mapped,
315,CHAT_219,CHAT_NEW_0219,SPLIT,mapped,
316,CHAT_220,CHAT_NEW_0220,SPLIT,mapped,
317,CHAT_221,CHAT_NEW_0221,SPLIT,mapped,
318,CHAT_222,CHAT_NEW_0222,SPLIT,mapped,
319,CHAT_223,CHAT_NEW_0223,SPLIT,mapped,
320,CHAT_224,CHAT_NEW_0224,SPLIT,mapped,
321,CHAT_225,CHAT_NEW_0225,SPLIT,mapped,
322,CHAT_226,CHAT_NEW_0226,SPLIT,mapped,
325,CHAT_227,CHAT_NEW_0227,ONE_TO_ONE,mapped,
326,CHAT_228,CHAT_NEW_0228,ONE_TO_ONE,mapped,
327,CHAT_229,CHAT_NEW_0229,ONE_TO_ONE,mapped,
328,CHAT_230,CHAT_NEW_0230,ONE_TO_ONE,mapped,
329,CHAT_231,CHAT_NEW_0231,ONE_TO_ONE,mapped,
330,CHAT_232,CHAT_NEW_0232,ONE_TO_ONE,mapped,
331,CHAT_233,CHAT_NEW_0233,ONE_TO_ONE,mapped,
332,CHAT_234,CHAT_NEW_0234,ONE_TO_ONE,mapped,
335,CHAT_235,CHAT_NEW_0235,ONE_TO_ONE,mapped,
337,CHAT_236,CHAT_NEW_0236,SPLIT,mapped,
338,CHAT_237,CHAT_NEW_0237,SPLIT,mapped,
339,CHAT_238,CHAT_NEW_0238,SPLIT,mapped,
340,CHAT_239,CHAT_NEW_0239,SPLIT,mapped,
342,CHAT_240,CHAT_NEW_0240,SPLIT,mapped,
343,CHAT_241,CHAT_NEW_0241,SPLIT,mapped,
347,CHAT_242,CHAT_NEW_0242,ONE_TO_ONE,mapped,
348,CHAT_243,CHAT_NEW_0243,ONE_TO_ONE,mapped,
349,CHAT_244,CHAT_NEW_0244,ONE_TO_ONE,mapped,
350,CHAT_245,CHAT_NEW_0245,ONE_TO_ONE,mapped,
351,CHAT_246,CHAT_NEW_0246,ONE_TO_ONE,mapped,
353,CHAT_247,CHAT_NEW_0247,ONE_TO_ONE,mapped,
354,CHAT_248,CHAT_NEW_0248,ONE_TO_ONE,mapped,
355,CHAT_249,CHAT_NEW_0249,ONE_TO_ONE,mapped,
358,CHAT_250,CHAT_NEW_0250,SPLIT,mapped,
360,CHAT_251,CHAT_NEW_0251,SPLIT,mapped,
362,CHAT_252,CHAT_NEW_0252,SPLIT,mapped,
366,CHAT_253,CHAT_NEW_0253,SPLIT,mapped,
367,CHAT_254,CHAT_NEW_0254,SPLIT,mapped,
369,CHAT_255,CHAT_NEW_0255,SPLIT,mapped,
370,CHAT_256,CHAT_NEW_0256,SPLIT,mapped,
372,CHAT_257,CHAT_NEW_0257,SPLIT,mapped,
373,CHAT_258,CHAT_NEW_0258,ONE_TO_ONE,mapped,
374,CHAT_259,CHAT_NEW_0259,SPLIT,mapped,
375,CHAT_260,CHAT_NEW_0260,ONE_TO_ONE,mapped,
379,CHAT_261,CHAT_NEW_0261,SPLIT,mapped,
380,CHAT_262,CHAT_NEW_0262,SPLIT,mapped,
384,CHAT_263,CHAT_NEW_0263,SPLIT,mapped,
387,CHAT_264,CHAT_NEW_0264,SPLIT,mapped,
388,CHAT_265,CHAT_NEW_0265,SPLIT,mapped,
389,CHAT_266,CHAT_NEW_0266,SPLIT,mapped,
390,CHAT_267,CHAT_NEW_0267,SPLIT,mapped,
391,CHAT_268,CHAT_NEW_0268,SPLIT,mapped,
393,CHAT_269,CHAT_NEW_0269,SPLIT,mapped,
394,CHAT_270,CHAT_NEW_0270,SPLIT,mapped,
395,CHAT_271,CHAT_NEW_0271,SPLIT,mapped,
397,CHAT_272,CHAT_NEW_0272,SPLIT,mapped,
398,CHAT_273,CHAT_NEW_0273,SPLIT,mapped,
399,CHAT_274,CHAT_NEW_0274,ONE_TO_ONE,mapped,
401,CHAT_275,CHAT_NEW_0275,SPLIT,mapped,
402,CHAT_276,CHAT_NEW_0276,SPLIT,mapped,
403,CHAT_277,CHAT_NEW_0277,SPLIT,mapped,
405,CHAT_278,CHAT_NEW_0278,SPLIT,mapped,
406,CHAT_279,CHAT_NEW_0279,SPLIT,mapped,
407,CHAT_280,CHAT_NEW_0280,SPLIT,mapped,
409,CHAT_281,CHAT_NEW_0281,SPLIT,mapped,
412,CHAT_282,CHAT_NEW_0282,ONE_TO_ONE,mapped,
414,CHAT_283,CHAT_NEW_0283,ONE_TO_ONE,mapped,
415,CHAT_284,CHAT_NEW_0284,ONE_TO_ONE,mapped,
416,CHAT_285,CHAT_NEW_0285,ONE_TO_ONE,mapped,
417,CHAT_286,CHAT_NEW_0286,ONE_TO_ONE,mapped,
421,CHAT_287,CHAT_NEW_0287,SPLIT,mapped,
422,CHAT_288,CHAT_NEW_0288,SPLIT,mapped,
424,CHAT_289,CHAT_NEW_0289,SPLIT,mapped,
425,CHAT_290,CHAT_NEW_0290,SPLIT,mapped,
427,CHAT_291,CHAT_NEW_0291,SPLIT,mapped,
429,CHAT_292,CHAT_NEW_0292,ONE_TO_ONE,mapped,
430,CHAT_293,CHAT_NEW_0293,ONE_TO_ONE,mapped,
431,CHAT_294,CHAT_NEW_0294,SPLIT,mapped,
433,CHAT_295,CHAT_NEW_0295,SPLIT,mapped,
436,CHAT_296,CHAT_NEW_0296,SPLIT,mapped,
437,CHAT_297,CHAT_NEW_0297,ONE_TO_ONE,mapped,
438,CHAT_298,CHAT_NEW_0298,SPLIT,mapped,
439,CHAT_299,CHAT_NEW_0299,ONE_TO_ONE,mapped,
441,CHAT_300,CHAT_NEW_0300,ONE_TO_ONE,mapped,
442,CHAT_301,CHAT_NEW_0301,SPLIT,mapped,
443,CHAT_302,CHAT_NEW_0302,ONE_TO_ONE,mapped,
444,CHAT_303,CHAT_NEW_0303,ONE_TO_ONE,mapped,
445,CHAT_304,CHAT_NEW_0304,ONE_TO_ONE,mapped,
446,CHAT_305,CHAT_NEW_0305,ONE_TO_ONE,mapped,
447,CHAT_306,CHAT_NEW_0306,ONE_TO_ONE,mapped,
448,CHAT_307,CHAT_NEW_0307,ONE_TO_ONE,mapped,
450,CHAT_308,CHAT_NEW_0308,ONE_TO_ONE,mapped,
451,CHAT_309,CHAT_NEW_0309,ONE_TO_ONE,mapped,
452,CHAT_310,CHAT_NEW_0310,ONE_TO_ONE,mapped,
453,CHAT_311,CHAT_NEW_0311,ONE_TO_ONE,mapped,
454,CHAT_312,CHAT_NEW_0312,ONE_TO_ONE,mapped,
458,CHAT_313,CHAT_NEW_0313,ONE_TO_ONE,mapped,
459,CHAT_314,CHAT_NEW_0314,ONE_TO_ONE,mapped,
460,CHAT_315,CHAT_NEW_0315,ONE_TO_ONE,mapped,
461,CHAT_316,CHAT_NEW_0316,ONE_TO_ONE,mapped,
463,CHAT_317,CHAT_NEW_0317,ONE_TO_ONE,mapped,
464,CHAT_318,CHAT_NEW_0318,ONE_TO_ONE,mapped,
468,CHAT_319,CHAT_NEW_0319,SPLIT,mapped,
469,CHAT_320,CHAT_NEW_0320,ONE_TO_ONE,mapped,
470,CHAT_321,CHAT_NEW_0321,SPLIT,mapped,
471,CHAT_322,CHAT_NEW_0322,SPLIT,mapped,
473,CHAT_323,CHAT_NEW_0323,SPLIT,mapped,
474,CHAT_324,CHAT_NEW_0324,SPLIT,mapped,
476,CHAT_325,CHAT_NEW_0325,SPLIT,mapped,
477,CHAT_326,CHAT_NEW_0326,SPLIT,mapped,
479,CHAT_327,CHAT_NEW_0327,ONE_TO_ONE,mapped,
480,CHAT_328,CHAT_NEW_0328,ONE_TO_ONE,mapped,
483,CHAT_329,CHAT_NEW_0329,ONE_TO_ONE,mapped,
486,CHAT_330,CHAT_NEW_0330,ONE_TO_ONE,mapped,
487,CHAT_331,CHAT_NEW_0331,SPLIT,mapped,
492,CHAT_332,CHAT_NEW_0332,SPLIT,mapped,
495,CHAT_333,CHAT_NEW_0333,ONE_TO_ONE,mapped,
496,CHAT_334,CHAT_NEW_0334,SPLIT,mapped,
500,CHAT_335,CHAT_NEW_0335,SPLIT,mapped,
503,CHAT_336,CHAT_NEW_0336,SPLIT,mapped,
504,CHAT_337,CHAT_NEW_0337,SPLIT,mapped,
506,CHAT_338,CHAT_NEW_0338,ONE_TO_ONE,mapped,
507,CHAT_339,CHAT_NEW_0339,ONE_TO_ONE,mapped,
510,CHAT_340,CHAT_NEW_0340,SPLIT,mapped,
512,CHAT_341,CHAT_NEW_0341,ONE_TO_ONE,mapped,
513,CHAT_342,CHAT_NEW_0342,SPLIT,mapped,
514,CHAT_343,CHAT_NEW_0343,SPLIT,mapped,
516,CHAT_344,CHAT_NEW_0344,SPLIT,mapped,
517,CHAT_345,CHAT_NEW_0345,SPLIT,mapped,
518,CHAT_346,CHAT_NEW_0346,SPLIT,mapped,
520,CHAT_347,CHAT_NEW_0347,SPLIT,mapped,
521,CHAT_348,CHAT_NEW_0348,ONE_TO_ONE,mapped,
522,CHAT_349,CHAT_NEW_0349,ONE_TO_ONE,mapped,
526,CHAT_350,CHAT_NEW_0350,ONE_TO_ONE,mapped,
528,CHAT_351,CHAT_NEW_0351,ONE_TO_ONE,mapped,
530,CHAT_352,CHAT_NEW_0352,ONE_TO_ONE,mapped,
531,CHAT_353,CHAT_NEW_0353,SPLIT,mapped,
532,CHAT_354,CHAT_NEW_0354,ONE_TO_ONE,mapped,
533,CHAT_355,CHAT_NEW_0355,ONE_TO_ONE,mapped,
534,CHAT_356,CHAT_NEW_0356,SPLIT,mapped,
535,CHAT_357,CHAT_NEW_0357,ONE_TO_ONE,mapped,
537,CHAT_358,CHAT_NEW_0358,ONE_TO_ONE,mapped,
538,CHAT_359,CHAT_NEW_0359,ONE_TO_ONE,mapped,
539,CHAT_360,CHAT_NEW_0360,ONE_TO_ONE,mapped,
543,CHAT_361,CHAT_NEW_0361,ONE_TO_ONE,mapped,
544,CHAT_362,CHAT_NEW_0362,ONE_TO_ONE,mapped,
545,CHAT_363,CHAT_NEW_0363,ONE_TO_ONE,mapped,
546,CHAT_364,CHAT_NEW_0364,SPLIT,mapped,
547,CHAT_365,CHAT_NEW_0365,ONE_TO_ONE,mapped,
548,CHAT_366,CHAT_NEW_0366,ONE_TO_ONE,mapped,
549,CHAT_367,CHAT_NEW_0367,SPLIT,mapped,
550,CHAT_368,CHAT_NEW_0368,ONE_TO_ONE,mapped,
552,CHAT_369,CHAT_NEW_0369,ONE_TO_ONE,mapped,
553,CHAT_370,CHAT_NEW_0370,ONE_TO_ONE,mapped,
554,CHAT_371,CHAT_NEW_0371,ONE_TO_ONE,mapped,
555,CHAT_372,CHAT_NEW_0372,SPLIT,mapped,
556,CHAT_373,CHAT_NEW_0373,ONE_TO_ONE,mapped,
557,CHAT_374,CHAT_NEW_0374,ONE_TO_ONE,mapped,
558,CHAT_375,CHAT_NEW_0375,SPLIT,mapped,
559,CHAT_376,CHAT_NEW_0376,ONE_TO_ONE,mapped,
561,CHAT_377,CHAT_NEW_0377,ONE_TO_ONE,mapped,
562,CHAT_378,CHAT_NEW_0378,ONE_TO_ONE,mapped,
563,CHAT_379,CHAT_NEW_0379,ONE_TO_ONE,mapped,
564,CHAT_380,CHAT_NEW_0380,SPLIT,mapped,
565,CHAT_381,CHAT_NEW_0381,SPLIT,mapped,
566,CHAT_382,CHAT_NEW_0382,SPLIT,mapped,
567,CHAT_383,CHAT_NEW_0383,ONE_TO_ONE,mapped,
568,CHAT_384,CHAT_NEW_0384,ONE_TO_ONE,mapped,
569,CHAT_385,CHAT_NEW_0385,SPLIT,mapped,
570,CHAT_386,CHAT_NEW_0386,ONE_TO_ONE,mapped,
573,CHAT_387,CHAT_NEW_0387,ONE_TO_ONE,mapped,
574,CHAT_388,CHAT_NEW_0388,ONE_TO_ONE,mapped,
575,CHAT_389,CHAT_NEW_0389,SPLIT,mapped,
576,CHAT_390,CHAT_NEW_0390,ONE_TO_ONE,mapped,
577,CHAT_391,CHAT_NEW_0391,ONE_TO_ONE,mapped,
579,CHAT_392,CHAT_NEW_0392,ONE_TO_ONE,mapped,
580,CHAT_393,CHAT_NEW_0393,ONE_TO_ONE,mapped,
581,CHAT_394,CHAT_NEW_0394,SPLIT,mapped,
582,CHAT_395,CHAT_NEW_0395,ONE_TO_ONE,mapped,
583,CHAT_396,CHAT_NEW_0396,ONE_TO_ONE,mapped,
585,CHAT_397,CHAT_NEW_0397,ONE_TO_ONE,mapped,
586,CHAT_398,CHAT_NEW_0398,ONE_TO_ONE,mapped,
587,CHAT_399,CHAT_NEW_0399,SPLIT,mapped,
588,CHAT_400,CHAT_NEW_0400,SPLIT,mapped,
589,CHAT_401,CHAT_NEW_0401,SPLIT,mapped,
590,CHAT_402,CHAT_NEW_0402,ONE_TO_ONE,mapped,
591,CHAT_403,CHAT_NEW_0403,ONE_TO_ONE,mapped,
595,CHAT_404,CHAT_NEW_0404,ONE_TO_ONE,mapped,
597,CHAT_405,CHAT_NEW_0405,ONE_TO_ONE,mapped,
600,CHAT_406,CHAT_NEW_0406,ONE_TO_ONE,mapped,
601,CHAT_407,CHAT_NEW_0407,ONE_TO_ONE,mapped,
602,CHAT_408,CHAT_NEW_0408,ONE_TO_ONE,mapped,
603,CHAT_409,CHAT_NEW_0409,SPLIT,mapped,
606,CHAT_410,CHAT_NEW_0410,ONE_TO_ONE,mapped,
607,CHAT_411,CHAT_NEW_0411,ONE_TO_ONE,mapped,
608,CHAT_412,CHAT_NEW_0412,SPLIT,mapped,
609,CHAT_413,CHAT_NEW_0413,ONE_TO_ONE,mapped,
611,CHAT_414,CHAT_NEW_0414,ONE_TO_ONE,mapped,
612,CHAT_415,CHAT_NEW_0415,ONE_TO_ONE,mapped,
613,CHAT_416,CHAT_NEW_0416,ONE_TO_ONE,mapped,
615,CHAT_417,CHAT_NEW_0417,ONE_TO_ONE,mapped,
616,CHAT_418,CHAT_NEW_0418,ONE_TO_ONE,mapped,
617,CHAT_419,CHAT_NEW_0419,ONE_TO_ONE,mapped,
619,CHAT_420,CHAT_NEW_0420,ONE_TO_ONE,mapped,
620,CHAT_421,CHAT_NEW_0421,ONE_TO_ONE,mapped,
621,CHAT_422,CHAT_NEW_0422,ONE_TO_ONE,mapped,
623,CHAT_423,CHAT_NEW_0423,ONE_TO_ONE,mapped,
626,CHAT_424,CHAT_NEW_0424,ONE_TO_ONE,mapped,
627,CHAT_425,CHAT_NEW_0425,SPLIT,mapped,
628,CHAT_426,CHAT_NEW_0426,SPLIT,mapped,
630,CHAT_427,CHAT_NEW_0427,ONE_TO_ONE,mapped,
631,CHAT_428,CHAT_NEW_0428,ONE_TO_ONE,mapped,
634,CHAT_429,CHAT_NEW_0429,SPLIT,mapped,
635,CHAT_430,CHAT_NEW_0430,ONE_TO_ONE,mapped,
638,CHAT_431,CHAT_NEW_0431,ONE_TO_ONE,mapped,
639,CHAT_432,CHAT_NEW_0432,ONE_TO_ONE,mapped,
641,CHAT_433,CHAT_NEW_0433,ONE_TO_ONE,mapped,
642,CHAT_434,CHAT_NEW_0434,SPLIT,mapped,
643,CHAT_435,CHAT_NEW_0435,ONE_TO_ONE,mapped,
644,CHAT_436,CHAT_NEW_0436,ONE_TO_ONE,mapped,
645,CHAT_437,CHAT_NEW_0437,SPLIT,mapped,
648,CHAT_438,CHAT_NEW_0438,SPLIT,mapped,
649,CHAT_439,CHAT_NEW_0439,SPLIT,mapped,
650,CHAT_440,CHAT_NEW_0440,SPLIT,mapped,
651,CHAT_441,CHAT_NEW_0441,SPLIT,mapped,
652,CHAT_442,CHAT_NEW_0442,SPLIT,mapped,
654,CHAT_443,CHAT_NEW_0443,SPLIT,mapped,
655,CHAT_444,CHAT_NEW_0444,ONE_TO_ONE,mapped,
657,CHAT_445,CHAT_NEW_0445,ONE_TO_ONE,mapped,
660,CHAT_446,CHAT_NEW_0446,SPLIT,mapped,
661,CHAT_447,CHAT_NEW_0447,SPLIT,mapped,
662,CHAT_448,CHAT_NEW_0448,ONE_TO_ONE,mapped,
664,CHAT_449,CHAT_NEW_0449,SPLIT,mapped,
665,CHAT_450,CHAT_NEW_0450,ONE_TO_ONE,mapped,
670,CHAT_451,CHAT_NEW_0451,ONE_TO_ONE,mapped,
671,CHAT_452,CHAT_NEW_0452,SPLIT,mapped,
673,CHAT_453,CHAT_NEW_0453,SPLIT,mapped,
674,CHAT_454,CHAT_NEW_0454,SPLIT,mapped,
675,CHAT_455,CHAT_NEW_0455,ONE_TO_ONE,mapped,
676,CHAT_456,CHAT_NEW_0456,SPLIT,mapped,
677,CHAT_457,CHAT_NEW_0457,SPLIT,mapped,
681,CHAT_458,CHAT_NEW_0458,SPLIT,mapped,
682,CHAT_459,CHAT_NEW_0459,SPLIT,mapped,
683,CHAT_460,CHAT_NEW_0460,SPLIT,mapped,
685,CHAT_461,CHAT_NEW_0461,SPLIT,mapped,
686,CHAT_462,CHAT_NEW_0462,SPLIT,mapped,
689,CHAT_463,CHAT_NEW_0463,ONE_TO_ONE,mapped,
690,CHAT_464,CHAT_NEW_0464,ONE_TO_ONE,mapped,
692,CHAT_465,CHAT_NEW_0465,ONE_TO_ONE,mapped,
693,CHAT_466,CHAT_NEW_0466,ONE_TO_ONE,mapped,
694,CHAT_467,CHAT_NEW_0467,SPLIT,mapped,
695,CHAT_468,CHAT_NEW_0468,ONE_TO_ONE,mapped,
699,CHAT_469,CHAT_NEW_0469,SPLIT,mapped,
700,CHAT_470,CHAT_NEW_0470,SPLIT,mapped,
701,CHAT_471,CHAT_NEW_0471,SPLIT,mapped,
704,CHAT_472,CHAT_NEW_0472,ONE_TO_ONE,mapped,
705,CHAT_473,CHAT_NEW_0473,ONE_TO_ONE,mapped,
708,CHAT_474,CHAT_NEW_0474,SPLIT,mapped,
709,CHAT_475,CHAT_NEW_0475,SPLIT,mapped,
711,CHAT_476,CHAT_NEW_0476,SPLIT,mapped,
712,CHAT_477,CHAT_NEW_0477,SPLIT,mapped,
714,CHAT_478,CHAT_NEW_0478,ONE_TO_ONE,mapped,
716,CHAT_479,CHAT_NEW_0479,SPLIT,mapped,
717,CHAT_480,CHAT_NEW_0480,SPLIT,mapped,
725,CHAT_481,CHAT_NEW_0481,ONE_TO_ONE,mapped,
727,CHAT_482,CHAT_NEW_0482,ONE_TO_ONE,mapped,
728,CHAT_483,CHAT_NEW_0483,ONE_TO_ONE,mapped,
790,CHAT_484,CHAT_NEW_0484,SPLIT,mapped,
792,CHAT_485,CHAT_NEW_0485,SPLIT,mapped,
793,CHAT_486,CHAT_NEW_0486,SPLIT,mapped,
794,CHAT_487,CHAT_NEW_0487,SPLIT,mapped,
796,CHAT_488,CHAT_NEW_0488,SPLIT,mapped,
797,CHAT_489,CHAT_NEW_0489,SPLIT,mapped,
798,CHAT_490,CHAT_NEW_0490,SPLIT,mapped,
799,CHAT_491,CHAT_NEW_0491,SPLIT,mapped,
800,CHAT_492,CHAT_NEW_0492,ONE_TO_ONE,mapped,
801,CHAT_493,CHAT_NEW_0493,ONE_TO_ONE,mapped,
803,CHAT_494,CHAT_NEW_0494,ONE_TO_ONE,mapped,
805,CHAT_495,CHAT_NEW_0495,SPLIT,mapped,
806,CHAT_496,CHAT_NEW_0496,SPLIT,mapped,
807,CHAT_497,CHAT_NEW_0497,ONE_TO_ONE,mapped,
808,CHAT_498,CHAT_NEW_0498,ONE_TO_ONE,mapped,
809,CHAT_499,CHAT_NEW_0499,ONE_TO_ONE,mapped,
811,CHAT_500,CHAT_NEW_0500,ONE_TO_ONE,mapped,
812,CHAT_501,CHAT_NEW_0501,ONE_TO_ONE,mapped,
814,CHAT_502,CHAT_NEW_0502,ONE_TO_ONE,mapped,
815,CHAT_503,CHAT_NEW_0503,ONE_TO_ONE,mapped,
817,CHAT_504,CHAT_NEW_0504,ONE_TO_ONE,mapped,
819,CHAT_505,CHAT_NEW_0505,ONE_TO_ONE,mapped,
821,CHAT_506,CHAT_NEW_0506,ONE_TO_ONE,mapped,
822,CHAT_507,CHAT_NEW_0507,ONE_TO_ONE,mapped,
823,CHAT_508,CHAT_NEW_0508,SPLIT,mapped,
824,CHAT_509,CHAT_NEW_0509,SPLIT,mapped,
825,CHAT_510,CHAT_NEW_0510,SPLIT,mapped,
826,CHAT_511,CHAT_NEW_0511,SPLIT,mapped,
827,CHAT_512,CHAT_NEW_0512,SPLIT,mapped,
829,CHAT_513,CHAT_NEW_0513,SPLIT,mapped,
830,CHAT_514,CHAT_NEW_0514,SPLIT,mapped,
831,CHAT_515,CHAT_NEW_0515,ONE_TO_ONE,mapped,
832,CHAT_516,CHAT_NEW_0516,ONE_TO_ONE,mapped,
833,CHAT_517,CHAT_NEW_0517,ONE_TO_ONE,mapped,
835,CHAT_518,CHAT_NEW_0518,ONE_TO_ONE,mapped,
838,CHAT_519,CHAT_NEW_0519,ONE_TO_ONE,mapped,
839,CHAT_520,CHAT_NEW_0520,SPLIT,mapped,
841,CHAT_521,CHAT_NEW_0521,SPLIT,mapped,
842,CHAT_522,CHAT_NEW_0522,ONE_TO_ONE,mapped,
844,CHAT_523,CHAT_NEW_0523,ONE_TO_ONE,mapped,
846,CHAT_524,CHAT_NEW_0524,ONE_TO_ONE,mapped,
847,CHAT_525,CHAT_NEW_0525,SPLIT,mapped,
849,CHAT_526,CHAT_NEW_0526,ONE_TO_ONE,mapped,
851,CHAT_527,CHAT_NEW_0527,ONE_TO_ONE,mapped,
852,CHAT_528,CHAT_NEW_0528,ONE_TO_ONE,mapped,
854,CHAT_529,CHAT_NEW_0529,ONE_TO_ONE,mapped,
855,CHAT_530,CHAT_NEW_0530,SPLIT,mapped,
857,CHAT_531,CHAT_NEW_0531,ONE_TO_ONE,mapped,
858,CHAT_532,CHAT_NEW_0532,ONE_TO_ONE,mapped,
861,CHAT_533,CHAT_NEW_0533,ONE_TO_ONE,mapped,
862,CHAT_534,CHAT_NEW_0534,SPLIT,mapped,
864,CHAT_535,CHAT_NEW_0535,ONE_TO_ONE,mapped,
868,CHAT_536,CHAT_NEW_0536,SPLIT,mapped,
869,CHAT_537,CHAT_NEW_0537,SPLIT,mapped,
872,CHAT_538,CHAT_NEW_0538,ONE_TO_ONE,mapped,
873,CHAT_539,CHAT_NEW_0539,ONE_TO_ONE,mapped,
874,CHAT_540,CHAT_NEW_0540,ONE_TO_ONE,mapped,
875,CHAT_541,CHAT_NEW_0541,ONE_TO_ONE,mapped,
876,CHAT_542,CHAT_NEW_0542,ONE_TO_ONE,mapped,
877,CHAT_543,CHAT_NEW_0543,ONE_TO_ONE,mapped,
880,CHAT_544,CHAT_NEW_0544,ONE_TO_ONE,mapped,
881,CHAT_545,CHAT_NEW_0545,ONE_TO_ONE,mapped,
882,CHAT_546,CHAT_NEW_0546,ONE_TO_ONE,mapped,
883,CHAT_547,CHAT_NEW_0547,ONE_TO_ONE,mapped,
884,CHAT_548,CHAT_NEW_0548,ONE_TO_ONE,mapped,
887,CHAT_549,CHAT_NEW_0549,ONE_TO_ONE,mapped,
888,CHAT_550,CHAT_NEW_0550,ONE_TO_ONE,mapped,
889,CHAT_551,CHAT_NEW_0551,ONE_TO_ONE,mapped,
890,CHAT_552,CHAT_NEW_0552,ONE_TO_ONE,mapped,
891,CHAT_553,CHAT_NEW_0553,SPLIT,mapped,
892,CHAT_554,CHAT_NEW_0554,SPLIT,mapped,
893,CHAT_555,CHAT_NEW_0555,SPLIT,mapped,
895,CHAT_556,CHAT_NEW_0556,ONE_TO_ONE,mapped,
896,CHAT_557,CHAT_NEW_0557,ONE_TO_ONE,mapped,
897,CHAT_558,CHAT_NEW_0558,ONE_TO_ONE,mapped,
898,CHAT_559,CHAT_NEW_0559,ONE_TO_ONE,mapped,
899,CHAT_560,CHAT_NEW_0560,ONE_TO_ONE,mapped,
900,CHAT_561,CHAT_NEW_0561,ONE_TO_ONE,mapped,
901,CHAT_562,CHAT_NEW_0562,ONE_TO_ONE,mapped,
902,CHAT_563,CHAT_NEW_0563,ONE_TO_ONE,mapped,
903,CHAT_564,CHAT_NEW_0564,ONE_TO_ONE,mapped,
905,CHAT_565,CHAT_NEW_0565,ONE_TO_ONE,mapped,
906,CHAT_566,CHAT_NEW_0566,ONE_TO_ONE,mapped,
907,CHAT_567,CHAT_NEW_0567,ONE_TO_ONE,mapped,
908,CHAT_568,CHAT_NEW_0568,SPLIT,mapped,
910,CHAT_569,CHAT_NEW_0569,SPLIT,mapped,
911,CHAT_570,CHAT_NEW_0570,SPLIT,mapped,
913,CHAT_571,CHAT_NEW_0571,SPLIT,mapped,
914,CHAT_572,CHAT_NEW_0572,ONE_TO_ONE,mapped,
916,CHAT_573,CHAT_NEW_0573,ONE_TO_ONE,mapped,
918,CHAT_574,CHAT_NEW_0574,ONE_TO_ONE,mapped,
919,CHAT_575,CHAT_NEW_0575,ONE_TO_ONE,mapped,
920,CHAT_576,CHAT_NEW_0576,ONE_TO_ONE,mapped,
922,CHAT_577,CHAT_NEW_0577,ONE_TO_ONE,mapped,
923,CHAT_578,CHAT_NEW_0578,ONE_TO_ONE,mapped,
925,CHAT_579,CHAT_NEW_0579,ONE_TO_ONE,mapped,
928,CHAT_580,CHAT_NEW_0580,ONE_TO_ONE,mapped,
929,CHAT_581,CHAT_NEW_0581,ONE_TO_ONE,mapped,
931,CHAT_582,CHAT_NEW_0582,SPLIT,mapped,
932,CHAT_583,CHAT_NEW_0583,ONE_TO_ONE,mapped,
935,CHAT_584,CHAT_NEW_0584,SPLIT,mapped,
936,CHAT_585,CHAT_NEW_0585,ONE_TO_ONE,mapped,
937,CHAT_586,CHAT_NEW_0586,ONE_TO_ONE,mapped,
938,CHAT_587,CHAT_NEW_0587,SPLIT,mapped,
940,CHAT_588,CHAT_NEW_0588,ONE_TO_ONE,mapped,
941,CHAT_589,CHAT_NEW_0589,ONE_TO_ONE,mapped,
943,CHAT_590,CHAT_NEW_0590,SPLIT,mapped,
944,CHAT_591,CHAT_NEW_0591,SPLIT,mapped,
945,CHAT_592,CHAT_NEW_0592,ONE_TO_ONE,mapped,
946,CHAT_593,CHAT_NEW_0593,ONE_TO_ONE,mapped,
947,CHAT_594,CHAT_NEW_0594,ONE_TO_ONE,mapped,
